[{"id":"COLOR-001","content":"简化配色方案为最多三个主要颜色","status":"completed","priority":"high"},{"id":"COLOR-002","content":"选择更协调的配色组合","status":"completed","priority":"high"},{"id":"COLOR-003","content":"改进视觉展示效果","status":"completed","priority":"high"},{"id":"COLOR-004","content":"优化色彩层次和对比度","status":"completed","priority":"medium"},{"id":"COLOR-005","content":"确保配色方案的一致性","status":"completed","priority":"medium"}]